{
  "id": "4084463",
  "name": "bilibili",
  "font_family": "iconfont",
  "css_prefix_text": "icon-",
  "description": "",
  "glyphs": [
    {
      "icon_id": "17522286",
      "name": "bilibili-line",
      "font_class": "bilibili-line",
      "unicode": "e66d",
      "unicode_decimal": 58989
    },
    {
      "icon_id": "29524190",
      "name": "bilibili-fill",
      "font_class": "bilibili-fill",
      "unicode": "e7ca",
      "unicode_decimal": 59338
    },
    {
      "icon_id": "35017949",
      "name": "bilibili",
      "font_class": "bilibili1",
      "unicode": "e600",
      "unicode_decimal": 58880
    },
    {
      "icon_id": "2377405",
      "name": "我的大会员",
      "font_class": "wodedahuiyuan",
      "unicode": "e6c3",
      "unicode_decimal": 59075
    },
    {
      "icon_id": "16201467",
      "name": "哔哩哔哩",
      "font_class": "bilibili",
      "unicode": "e647",
      "unicode_decimal": 58951
    }
  ]
}
